{
  "dataset": "slprl/TinyStress-15K",
  "split": "test",
  "metrics": {
    "precision": 0.8883561643835617,
    "recall": 0.9330935251798561,
    "f1": 0.9101754385964912
  },
  "metrics_wot": {
    "precision": 0.8814814814814815,
    "recall": 0.9417266187050359,
    "f1": 0.910608695652174
  }
}